1,Kara,Fysh,kfysh0@redcross.org
2,Andros,Burcher,aburcher1@blogspot.com
3,Jeanine,Virgin,jvirgin2@tamu.edu
4,Marcellina,Bresnahan,mbresnahan3@merriam-webster.com
5,Deeanne,Trice,dtrice4@github.com
6,Carlynne,Rowswell,crowswell5@oakley.com
7,Drucie,MacRannell,dmacrannell6@jugem.jp
8,Dalenna,Brason,dbrason7@feedburner.com
9,Carissa,Ralfe,cralfe8@google.co.uk
10,Alberik,Allix,aallix9@apache.org
11,Costa,Hinks,chinksa@livejournal.com
12,Meghan,Gilvary,mgilvaryb@gravatar.com
13,Ardisj,Sneddon,asneddonc@goo.ne.jp
14,Nevile,Kornes,nkornesd@histats.com
15,Sonny,Jacquemet,sjacquemete@privacy.gov.au
16,Kelcey,Weakley,kweakleyf@examiner.com
17,Daisi,Kave,dkaveg@tripadvisor.com
18,Paolo,Yosselevitch,pyosselevitchh@mediafire.com
19,Bernardo,O'Hogertie,bohogertiei@hubpages.com
20,Noland,McGreary,nmcgrearyj@altervista.org
21,Harman,Talloe,htalloek@xinhuanet.com
22,Cherin,Aberkirder,caberkirderl@trellian.com
23,Hollis,Stanlike,hstanlikem@sphinn.com
24,Alfredo,Lewing,alewingn@blogs.com
25,Ozzy,MacGall,omacgallo@trellian.com
26,Karia,Beed,kbeedp@bloglovin.com
27,Evangeline,Curston,ecurstonq@tinyurl.com
28,Granthem,Offner,goffnerr@who.int
29,Devi,Arbon,darbons@tamu.edu
30,Brice,Pencot,bpencott@flavors.me
31,Ulises,Dewicke,udewickeu@cornell.edu
32,Dusty,Feary,dfearyv@xrea.com
33,Norman,Wilton,nwiltonw@wordpress.com
34,Blisse,Ramel,bramelx@eepurl.com
35,Berny,Foye,bfoyey@telegraph.co.uk
36,Conn,Jickles,cjicklesz@webnode.com
37,Christa,Pattesall,cpattesall10@alibaba.com
38,Lilian,Naerup,lnaerup11@myspace.com
39,Jaine,Fernan,jfernan12@yelp.com
40,Hogan,Kohen,hkohen13@sbwire.com
41,Humphrey,McCaw,hmccaw14@gnu.org
42,Anna-maria,Funnell,afunnell15@gizmodo.com
43,Meggy,Sizzey,msizzey16@amazonaws.com
44,Gian,Pibsworth,gpibsworth17@soup.io
45,Demetri,Meachen,dmeachen18@shop-pro.jp
46,Joelle,Rahill,jrahill19@opera.com
47,Carlynne,Parham,cparham1a@amazonaws.com
48,Rinaldo,Sager,rsager1b@apache.org
49,Paddy,Siebart,psiebart1c@flickr.com
50,Judye,Maher,jmaher1d@reuters.com
51,Anne,Hynard,ahynard1e@multiply.com
52,Ulrica,Coppins,ucoppins1f@omniture.com
53,Kincaid,Ickovits,kickovits1g@bizjournals.com
54,Jerrie,Moan,jmoan1h@reverbnation.com
55,Orsa,Matijevic,omatijevic1i@taobao.com
56,Crawford,Silman,csilman1j@statcounter.com
57,Dorolice,Newick,dnewick1k@berkeley.edu
58,Celina,Arlow,carlow1l@cyberchimps.com
59,Ardisj,Gilardone,agilardone1m@dagondesign.com
60,Jacquette,Honeywood,jhoneywood1n@aboutads.info
61,Rowe,Greenhall,rgreenhall1o@mlb.com
62,Demetrius,Hutable,dhutable1p@google.pl
63,Hamel,Beauchop,hbeauchop1q@so-net.ne.jp
64,Eleanor,McMorran,emcmorran1r@walmart.com
65,Douglass,Tewkesberrie,dtewkesberrie1s@unesco.org
66,Devy,Clemmitt,dclemmitt1t@wikipedia.org
67,Stephenie,Eatttok,seatttok1u@skyrock.com
68,Faber,Daelman,fdaelman1v@4shared.com
69,Margalo,Denson,mdenson1w@canalblog.com
70,Gaby,O'Scanlan,goscanlan1x@google.it
71,Tally,Androsik,tandrosik1y@drupal.org
72,Tammy,Ortmann,tortmann1z@drupal.org
73,Abby,Blandford,ablandford20@flavors.me
74,Warde,Dunning,wdunning21@usa.gov
75,Deb,Payley,dpayley22@bloglovin.com
76,Neddy,Ayrton,nayrton23@flavors.me
77,Chad,Darben,cdarben24@nsw.gov.au
78,Joya,Ceyssen,jceyssen25@twitter.com
79,Ximenez,Noller,xnoller26@mozilla.com
80,Chrissy,Attwill,cattwill27@hao123.com
81,Marius,Ronnay,mronnay28@clickbank.net
82,Charlot,Toffolini,ctoffolini29@theglobeandmail.com
83,Allene,Gowan,agowan2a@goodreads.com
84,Onfroi,Guitt,oguitt2b@harvard.edu
85,Arlie,Comrie,acomrie2c@mac.com
86,Ethelbert,Checchi,echecchi2d@tamu.edu
87,Dennison,Vedstra,dvedstra2e@t.co
88,Vaughn,Lawther,vlawther2f@smugmug.com
89,Ashton,Edgson,aedgson2g@spotify.com
90,Marten,Jefford,mjefford2h@printfriendly.com
91,Glyn,Simeons,gsimeons2i@bing.com
92,Geoffrey,Austen,gausten2j@spiegel.de
93,Corinna,Bernier,cbernier2k@google.nl
94,Fidela,Baal,fbaal2l@quantcast.com
95,Raynard,Bowers,rbowers2m@state.tx.us
96,Patton,Dudgeon,pdudgeon2n@fastcompany.com
97,Justus,Saltmarsh,jsaltmarsh2o@taobao.com
98,Salim,Posse,sposse2p@diigo.com
99,Adolpho,Kauffman,akauffman2q@yellowpages.com
100,Rivkah,Palia,rpalia2r@nba.com
101,Gallard,Frere,gfrere2s@dagondesign.com
102,Haze,Pelfer,hpelfer2t@people.com.cn
103,Rufus,Belison,rbelison2u@squidoo.com
104,Claiborn,Faughey,cfaughey2v@cafepress.com
105,Dalenna,Birckmann,dbirckmann2w@homestead.com
106,Sally,Farragher,sfarragher2x@xrea.com
107,Raffarty,Brunon,rbrunon2y@google.ru
108,Jenda,Gogerty,jgogerty2z@elegantthemes.com
109,Griselda,Hendin,ghendin30@stanford.edu
110,Ronald,Joinson,rjoinson31@symantec.com
111,Lane,Meadowcroft,lmeadowcroft32@parallels.com
112,Albert,Tovey,atovey33@state.tx.us
113,Dehlia,Gehricke,dgehricke34@behance.net
114,Alex,Notti,anotti35@myspace.com
115,Derk,Barkhouse,dbarkhouse36@w3.org
116,Roger,Sissland,rsissland37@japanpost.jp
117,Brook,Millan,bmillan38@ehow.com
118,Carly,Sholem,csholem39@reverbnation.com
119,Mercy,Comar,mcomar3a@cdc.gov
120,Hestia,Hansana,hhansana3b@hexun.com
121,Lenora,Tremmel,ltremmel3c@msu.edu
122,Faber,Griffiths,fgriffiths3d@ycombinator.com
123,Arlan,Handrik,ahandrik3e@abc.net.au
124,Waldo,Tarbin,wtarbin3f@chron.com
125,Skippy,Draxford,sdraxford3g@cloudflare.com
126,Julian,Dredge,jdredge3h@edublogs.org
127,Ryun,Wollacott,rwollacott3i@github.com
128,Lorrayne,Ryson,lryson3j@instagram.com
129,Sherlocke,Tunstall,stunstall3k@rakuten.co.jp
130,Herold,Godbehere,hgodbehere3l@phpbb.com
131,Hestia,Keniwell,hkeniwell3m@dailymail.co.uk
132,Giulio,Timothy,gtimothy3n@dyndns.org
133,Stacey,Paxforde,spaxforde3o@skype.com
134,Bordy,Downing,bdowning3p@wiley.com
135,Russell,Brammer,rbrammer3q@angelfire.com
136,Artair,Finby,afinby3r@hc360.com
137,Clarie,Adenet,cadenet3s@gizmodo.com
138,Neils,Baglin,nbaglin3t@who.int
139,Lorain,Teligin,lteligin3u@deliciousdays.com
140,Orazio,Raven,oraven3v@uiuc.edu
141,Rahal,Tomkowicz,rtomkowicz3w@mysql.com
142,Alasteir,Tantum,atantum3x@dagondesign.com
143,Louisette,Pudner,lpudner3y@elpais.com
144,Isa,Banaszewski,ibanaszewski3z@sakura.ne.jp
145,Chiquia,Johnsson,cjohnsson40@va.gov
146,Goober,De Santos,gdesantos41@mashable.com
147,Hernando,Norcott,hnorcott42@bandcamp.com
148,Sharla,Hallewell,shallewell43@smugmug.com
149,Janith,Kilby,jkilby44@moonfruit.com
150,Ilise,Oslar,ioslar45@merriam-webster.com
151,Aggi,Beebe,abeebe46@alexa.com
152,Kerry,Cottem,kcottem47@google.de
153,Rodina,Olivella,rolivella48@mac.com
154,Harman,Jendrusch,hjendrusch49@phoca.cz
155,Dacie,Crucitti,dcrucitti4a@youtu.be
156,Christian,Maun,cmaun4b@telegraph.co.uk
157,Harriett,Rands,hrands4c@squarespace.com
158,Remus,Nottingham,rnottingham4d@etsy.com
159,Even,Bartholat,ebartholat4e@aol.com
160,Nicolas,Alldred,nalldred4f@state.tx.us
161,Norah,Bazoge,nbazoge4g@whitehouse.gov
162,Homerus,Wackley,hwackley4h@seattletimes.com
163,Deirdre,Garfitt,dgarfitt4i@istockphoto.com
164,Hanna,Ebunoluwa,hebunoluwa4j@independent.co.uk
165,Anallese,Went,awent4k@elpais.com
166,Darwin,Burtt,dburtt4l@amazonaws.com
167,Janessa,Nowlan,jnowlan4m@clickbank.net
168,Freddie,Giacoboni,fgiacoboni4n@pbs.org
169,Kingston,Cheng,kcheng4o@ning.com
170,Norina,Brettoner,nbrettoner4p@amazon.com
171,Harriet,Forten,hforten4q@dot.gov
172,Pearla,Heinz,pheinz4r@marketwatch.com
173,Dimitry,Fealy,dfealy4s@mail.ru
174,Arleen,Darby,adarby4t@qq.com
175,Pavia,Girodier,pgirodier4u@etsy.com
176,Norine,Dalwood,ndalwood4v@webs.com
177,Philipa,Flawith,pflawith4w@hud.gov
178,Costanza,Prall,cprall4x@is.gd
179,Marilin,McGilvray,mmcgilvray4y@amazon.co.jp
180,Adena,Olford,aolford4z@umich.edu
181,Alisander,Standen,astanden50@who.int
182,Saunderson,Stainer,sstainer51@house.gov
183,Saba,Vivyan,svivyan52@mozilla.com
184,Terri-jo,Anthes,tanthes53@hexun.com
185,Parnell,Ruff,pruff54@theguardian.com
186,Titos,Moralee,tmoralee55@va.gov
187,Verile,Puckey,vpuckey56@pbs.org
188,Eveleen,Pawnsford,epawnsford57@ucsd.edu
189,Pansy,Pashby,ppashby58@sohu.com
190,Row,Hodge,rhodge59@patch.com
191,Vally,Sailor,vsailor5a@studiopress.com
192,Kimbra,Woodhams,kwoodhams5b@tamu.edu
193,Gage,Labden,glabden5c@reddit.com
194,Vidovik,Musgrave,vmusgrave5d@hud.gov
195,Zitella,Inchbald,zinchbald5e@wisc.edu
196,Nancey,Orpin,norpin5f@ucoz.com
197,Costa,Alfonso,calfonso5g@barnesandnoble.com
198,Abbe,Sarsfield,asarsfield5h@admin.ch
199,Isidore,Etteridge,ietteridge5i@deviantart.com
200,Olivie,Hanaford,ohanaford5j@opensource.org
201,Rock,Iskow,riskow5k@tinypic.com
202,Drusy,Pengilly,dpengilly5l@163.com
203,Eben,Voice,evoice5m@sphinn.com
204,Philip,McGenis,pmcgenis5n@theglobeandmail.com
205,Abner,Lightning,alightning5o@fema.gov
206,Madelena,Ferraretto,mferraretto5p@printfriendly.com
207,Alex,Arnaud,aarnaud5q@reference.com
208,Martita,Griffey,mgriffey5r@parallels.com
209,Geoff,Frail,gfrail5s@ycombinator.com
210,Tiphani,Pechell,tpechell5t@furl.net
211,Lorilee,Combe,lcombe5u@friendfeed.com
212,Ferrell,Catto,fcatto5v@storify.com
213,Gratiana,Mimmack,gmimmack5w@barnesandnoble.com
214,Garik,Jencey,gjencey5x@hibu.com
215,Zitella,Rait,zrait5y@ucoz.com
216,Hubey,Zamboniari,hzamboniari5z@shareasale.com
217,Xever,Gehrts,xgehrts60@theglobeandmail.com
218,Gary,Oxe,goxe61@economist.com
219,Curtis,Smallbone,csmallbone62@meetup.com
220,Jenica,Poyle,jpoyle63@si.edu
221,Wenona,Ostridge,wostridge64@boston.com
222,Lynde,Rowlson,lrowlson65@chron.com
223,Gorden,Bannister,gbannister66@irs.gov
224,Jacquelyn,De Caville,jdecaville67@wix.com
225,Mattie,O'Fairy,mofairy68@odnoklassniki.ru
226,Colline,Choppin,cchoppin69@hostgator.com
227,Antonina,Oxby,aoxby6a@cbslocal.com
228,Bibbie,Littlepage,blittlepage6b@csmonitor.com
229,Freddy,Aughton,faughton6c@japanpost.jp
230,Chrisse,Cridlan,ccridlan6d@baidu.com
231,Carlynne,Douthwaite,cdouthwaite6e@github.com
232,Arie,Halversen,ahalversen6f@symantec.com
233,Meris,Wilbore,mwilbore6g@indiegogo.com
234,Xylia,Andrelli,xandrelli6h@odnoklassniki.ru
235,Lorain,Cropper,lcropper6i@prweb.com
236,Wildon,Sottell,wsottell6j@youtube.com
237,Lexine,O'Beirne,lobeirne6k@howstuffworks.com
238,Mendy,Paradis,mparadis6l@networksolutions.com
239,Jory,Goldhill,jgoldhill6m@yandex.ru
240,Maurizio,Chaplin,mchaplin6n@elpais.com
241,Devina,Wither,dwither6o@usgs.gov
242,Kelsi,O'Garmen,kogarmen6p@etsy.com
243,Gauthier,Mains,gmains6q@google.com.br
244,Rose,Clery,rclery6r@apache.org
245,Francesco,Girth,fgirth6s@theguardian.com
246,Annora,Uppett,auppett6t@columbia.edu
247,Oralle,Christophersen,ochristophersen6u@patch.com
248,Monti,Rahlof,mrahlof6v@jugem.jp
249,Fidel,Giacobilio,fgiacobilio6w@sitemeter.com
250,Lavinia,Adey,ladey6x@liveinternet.ru
251,Egor,Asals,easals6y@shinystat.com
252,Sheilakathryn,felip,sfelip6z@jiathis.com
253,Matelda,Saxelby,msaxelby70@booking.com
254,Scottie,Bomb,sbomb71@dion.ne.jp
255,Chery,Colmore,ccolmore72@nbcnews.com
256,Cindelyn,Otter,cotter73@paypal.com
257,Binni,McCray,bmccray74@upenn.edu
258,Archibald,Duffet,aduffet75@cdc.gov
259,Stanley,Syme,ssyme76@macromedia.com
260,Major,Puleque,mpuleque77@sun.com
261,Winn,Grzegorek,wgrzegorek78@ameblo.jp
262,Demetri,De Gregorio,ddegregorio79@msn.com
263,Hamish,Inkster,hinkster7a@sohu.com
264,Bradan,Dobie,bdobie7b@360.cn
265,Tersina,Kyberd,tkyberd7c@google.nl
266,Ivett,Flowerden,iflowerden7d@usatoday.com
267,Annadiana,Sorrell,asorrell7e@hhs.gov
268,Andrej,Heardman,aheardman7f@lulu.com
269,Edvard,Klausen,eklausen7g@phpbb.com
270,Jessie,Reville,jreville7h@state.gov
271,Jessamyn,Minney,jminney7i@independent.co.uk
272,Adria,Pooly,apooly7j@cbsnews.com
273,Guthrie,Morratt,gmorratt7k@indiatimes.com
274,Retha,Espinel,respinel7l@europa.eu
275,Romy,Albarez,ralbarez7m@mail.ru
276,Jackie,Slocumb,jslocumb7n@bluehost.com
277,Frasco,Yurocjhin,fyurocjhin7o@123-reg.co.uk
278,Devon,Kenrat,dkenrat7p@techcrunch.com
279,Dulciana,Backs,dbacks7q@purevolume.com
280,Otto,Terrington,oterrington7r@aboutads.info
281,Briant,Listone,blistone7s@theguardian.com
282,Elvis,Yuill,eyuill7t@taobao.com
283,Aila,Hampshaw,ahampshaw7u@1und1.de
284,Jesse,Zecchini,jzecchini7v@studiopress.com
285,Chrysler,Shedden,cshedden7w@google.co.uk
286,Valenka,Schneidau,vschneidau7x@cbc.ca
287,Monti,Burehill,mburehill7y@sciencedaily.com
288,Netti,Martyntsev,nmartyntsev7z@forbes.com
289,Shae,McKibbin,smckibbin80@printfriendly.com
290,Lincoln,Secretan,lsecretan81@google.co.uk
291,Dante,Stanger,dstanger82@businessinsider.com
292,Quincey,Kinnen,qkinnen83@drupal.org
293,Belle,Bracci,bbracci84@zdnet.com
294,Tove,Buttler,tbuttler85@nationalgeographic.com
295,Prentice,Uvedale,puvedale86@infoseek.co.jp
296,Eulalie,Fahy,efahy87@weather.com
297,Con,Ghidoli,cghidoli88@dmoz.org
298,Niles,Dennes,ndennes89@va.gov
299,Gerick,Pilipets,gpilipets8a@dailymotion.com
300,Moise,Lomis,mlomis8b@ibm.com
301,Patrice,Lassen,plassen8c@oracle.com
302,Chilton,Bloxham,cbloxham8d@spotify.com
303,Emmery,Swindon,eswindon8e@google.it
304,Ashely,Messer,amesser8f@answers.com
305,Rabbi,Lifton,rlifton8g@github.io
306,Broddie,Addams,baddams8h@bigcartel.com
307,Anthony,Buxy,abuxy8i@diigo.com
308,Sharleen,De Lacey,sdelacey8j@nsw.gov.au
309,Brinna,Boulding,bboulding8k@xrea.com
310,Belvia,Stickles,bstickles8l@admin.ch
311,Clerissa,Orford,corford8m@wordpress.com
312,Betty,Kingscote,bkingscote8n@irs.gov
313,Augusta,Ogle,aogle8o@rakuten.co.jp
314,Marika,Noen,mnoen8p@icio.us
315,Chastity,Pfertner,cpfertner8q@businessinsider.com
316,Fredra,Spurrior,fspurrior8r@plala.or.jp
317,Henryetta,Yurkov,hyurkov8s@taobao.com
318,Vera,Pudner,vpudner8t@baidu.com
319,Margy,Rozzier,mrozzier8u@ted.com
320,Laurene,Peaurt,lpeaurt8v@sbwire.com
321,Hillier,Knaggs,hknaggs8w@privacy.gov.au
322,Ryun,Trent,rtrent8x@vk.com
323,Brianne,Vaney,bvaney8y@biglobe.ne.jp
324,Jannelle,Matieu,jmatieu8z@mit.edu
325,Boyce,Bock,bbock90@flavors.me
326,Gav,Komorowski,gkomorowski91@google.fr
327,Lana,Passby,lpassby92@ed.gov
328,Cash,Bourley,cbourley93@seattletimes.com
329,Felice,Lumm,flumm94@home.pl
330,Mirabelle,Mannock,mmannock95@comsenz.com
331,Teresina,Loache,tloache96@phpbb.com
332,Yuri,Barthelme,ybarthelme97@jigsy.com
333,Rudolph,Billyeald,rbillyeald98@opera.com
334,Gwenore,Scouller,gscouller99@list-manage.com
335,Cornelius,Stanway,cstanway9a@goodreads.com
336,Vita,Dobbs,vdobbs9b@ow.ly
337,Hillel,Tregensoe,htregensoe9c@amazon.co.uk
338,Melony,Apthorpe,mapthorpe9d@kickstarter.com
339,Nester,Stuck,nstuck9e@joomla.org
340,Janine,Leefe,jleefe9f@issuu.com
341,Bev,Stubbley,bstubbley9g@indiatimes.com
342,Patrica,Akroyd,pakroyd9h@pen.io
343,Barde,Loveguard,bloveguard9i@webnode.com
344,Daisi,Leach,dleach9j@icio.us
345,Rosa,Beecker,rbeecker9k@hc360.com
346,Burlie,Buesden,bbuesden9l@people.com.cn
347,Delilah,Renforth,drenforth9m@digg.com
348,Mattheus,Kinsett,mkinsett9n@github.com
349,Zelig,Whate,zwhate9o@sbwire.com
350,Irvine,Brandi,ibrandi9p@macromedia.com
351,Loralee,Shilleto,lshilleto9q@unblog.fr
352,Ibby,Sherme,isherme9r@gmpg.org
353,Ramon,Pudner,rpudner9s@dagondesign.com
354,Giuditta,Heims,gheims9t@dailymotion.com
355,Gordan,Kermit,gkermit9u@microsoft.com
356,Yvonne,Northill,ynorthill9v@mapy.cz
357,Dniren,Robardey,drobardey9w@engadget.com
358,Munroe,Grewcock,mgrewcock9x@reverbnation.com
359,Wyn,Gove,wgove9y@wordpress.org
360,Caleb,Soppit,csoppit9z@rakuten.co.jp
361,Heather,Sandyfirth,hsandyfirtha0@si.edu
362,Othello,Mollon,omollona1@yale.edu
363,Hedda,Dugget,hduggeta2@ca.gov
364,Mercy,Duggon,mduggona3@google.es
365,Lynnette,Tice,lticea4@godaddy.com
366,Colly,Kiellor,ckiellora5@infoseek.co.jp
367,Shae,Cooch,scoocha6@multiply.com
368,Matelda,Lammerich,mlammericha7@nifty.com
369,Laurette,Marking,lmarkinga8@jiathis.com
370,Tiffany,Chittim,tchittima9@netvibes.com
371,Sam,Lecordier,slecordieraa@usgs.gov
372,Orren,Archard,oarchardab@nasa.gov
373,Giselbert,Lutsch,glutschac@blogspot.com
374,Sydel,Prinne,sprinnead@utexas.edu
375,Inesita,Baily,ibailyae@google.es
376,Kerk,O'Neill,koneillaf@ucoz.com
377,Gipsy,Witts,gwittsag@bloomberg.com
378,Ludovika,Skain,lskainah@sbwire.com
379,Joela,Kobieriecki,jkobierieckiai@jimdo.com
380,Elinor,Gault,egaultaj@hostgator.com
381,Bryant,Coite,bcoiteak@vinaora.com
382,Chrissy,Fairnie,cfairnieal@clickbank.net
383,Clair,Gillicuddy,cgillicuddyam@ibm.com
384,Maisey,Belliveau,mbelliveauan@home.pl
385,Conni,Matyushonok,cmatyushonokao@list-manage.com
386,Cristian,Ratlee,cratleeap@booking.com
387,Rosemaria,Kirmond,rkirmondaq@networksolutions.com
388,Jayson,Jiricka,jjirickaar@google.co.uk
389,Gavan,Frances,gfrancesas@dmoz.org
390,Binky,Walthall,bwalthallat@rambler.ru
391,Wallace,Milkeham,wmilkehamau@cocolog-nifty.com
392,Mark,Spadaro,mspadaroav@cbc.ca
393,Malvin,Anshell,manshellaw@imgur.com
394,Libbi,Lissandri,llissandriax@symantec.com
395,Lulu,Licciardo,llicciardoay@nps.gov
396,Linzy,Flemming,lflemmingaz@huffingtonpost.com
397,Brigg,Beedom,bbeedomb0@usnews.com
398,Zoe,Andersen,zandersenb1@opera.com
399,Michaela,Dawber,mdawberb2@bloglovin.com
400,Michele,Whicher,mwhicherb3@github.com
401,Sergent,Oehme,soehmeb4@toplist.cz
402,Nichole,Trolley,ntrolleyb5@bandcamp.com
403,Babbette,Toma,btomab6@ftc.gov
404,Zea,Windsor,zwindsorb7@marriott.com
405,Amabel,Longwood,alongwoodb8@cornell.edu
406,Edee,Prium,epriumb9@tripadvisor.com
407,Courtnay,Lanning,clanningba@gnu.org
408,Dick,Le Gall,dlegallbb@oracle.com
409,Staci,Durno,sdurnobc@163.com
410,Karol,Lownes,klownesbd@bravesites.com
411,Eliot,Eton,eetonbe@bloglines.com
412,Briny,Moncur,bmoncurbf@google.nl
413,Gertruda,Cornillot,gcornillotbg@cafepress.com
414,Catarina,Lowder,clowderbh@princeton.edu
415,Austen,Petteford,apettefordbi@technorati.com
416,Mireille,Anetts,manettsbj@gov.uk
417,Ezequiel,Lettice,eletticebk@unicef.org
418,Alano,Scamel,ascamelbl@booking.com
419,Elton,Fluin,efluinbm@archive.org
420,Moore,McGorman,mmcgormanbn@businesswire.com
421,Livvyy,Serle,lserlebo@mashable.com
422,Sella,Elliker,sellikerbp@samsung.com
423,Karisa,Hriinchenko,khriinchenkobq@sciencedaily.com
424,Lira,Pointing,lpointingbr@walmart.com
425,Emmott,De Cruze,edecruzebs@netscape.com
426,Julissa,Rayer,jrayerbt@nationalgeographic.com
427,Caroljean,Baddam,cbaddambu@yandex.ru
428,Elbertine,Opy,eopybv@time.com
429,Ilysa,Emer,iemerbw@oracle.com
430,Cletus,Daenen,cdaenenbx@dell.com
431,Chic,Puddin,cpuddinby@dell.com
432,Scarface,Koppel,skoppelbz@twitpic.com
433,Abraham,Giovanizio,agiovanizioc0@wired.com
434,Margy,Lally,mlallyc1@exblog.jp
435,Gustave,Vedmore,gvedmorec2@ca.gov
436,Homere,Cassells,hcassellsc3@shareasale.com
437,Sybilla,Fanthome,sfanthomec4@google.cn
438,Delia,Neesham,dneeshamc5@discovery.com
439,Umeko,Pawlick,upawlickc6@omniture.com
440,Cordi,Laflin,claflinc7@tinyurl.com
441,Rasla,Gerritsma,rgerritsmac8@instagram.com
442,Coleen,Donovin,cdonovinc9@geocities.jp
443,Marlon,Royste,mroysteca@is.gd
444,Gavra,Tyndall,gtyndallcb@gnu.org
445,Stearne,Springham,sspringhamcc@usatoday.com
446,Ursola,Erat,ueratcd@vimeo.com
447,Christina,McCauley,cmccauleyce@vistaprint.com
448,Konrad,Darrow,kdarrowcf@narod.ru
449,Conant,Cyples,ccyplescg@amazon.co.uk
450,Mitchael,Passby,mpassbych@opensource.org
451,Liva,Whitmarsh,lwhitmarshci@newsvine.com
452,Orelie,Wornham,owornhamcj@dmoz.org
453,Melissa,Adams,madamsck@msu.edu
454,Andras,Mattes,amattescl@paginegialle.it
455,Asia,Gauler,agaulercm@noaa.gov
456,Dorey,Layburn,dlayburncn@discuz.net
457,Luce,Wyleman,lwylemanco@amazon.co.uk
458,Babara,Dakhno,bdakhnocp@amazon.de
459,Roarke,Salman,rsalmancq@ihg.com
460,Eb,Attew,eattewcr@exblog.jp
461,Ulrikaumeko,Salling,usallingcs@microsoft.com
462,Lissy,Prati,lpratict@myspace.com
463,Leanna,McMackin,lmcmackincu@msu.edu
464,Roxanna,Gillise,rgillisecv@merriam-webster.com
465,Renae,Spalls,rspallscw@usgs.gov
466,Lanette,Hudless,lhudlesscx@tmall.com
467,Jasun,Sarll,jsarllcy@mapy.cz
468,Hayden,Boler,hbolercz@discuz.net
469,Rosanna,Lytton,rlyttond0@dropbox.com
470,Zondra,Bardnam,zbardnamd1@java.com
471,Norry,Brayn,nbraynd2@livejournal.com
472,Evania,Martini,emartinid3@nymag.com
473,Alfredo,Andriesse,aandriessed4@addthis.com
474,Darcie,de Tocqueville,ddetocquevilled5@soundcloud.com
475,Paloma,Coathup,pcoathupd6@ycombinator.com
476,Kirbee,Clell,kclelld7@networksolutions.com
477,Ive,Ammer,iammerd8@tuttocitta.it
478,Tod,Uppett,tuppettd9@chron.com
479,Corette,Sauvain,csauvainda@4shared.com
480,Danica,Pfiffer,dpfifferdb@gnu.org
481,Fergus,Powder,fpowderdc@sogou.com
482,Ola,Kaasmann,okaasmanndd@google.ca
483,Guido,Matejic,gmatejicde@mozilla.org
484,Alfonso,Speare,aspearedf@bloglines.com
485,Cinda,Jeannesson,cjeannessondg@meetup.com
486,Sollie,Alty,saltydh@storify.com
487,Tarah,Lafond,tlafonddi@bloglines.com
488,Grannie,McCarry,gmccarrydj@usda.gov
489,Philippe,Blackley,pblackleydk@icio.us
490,Price,Whitelaw,pwhitelawdl@discovery.com
491,Brianna,Graveston,bgravestondm@pen.io
492,Charin,Puckett,cpuckettdn@telegraph.co.uk
493,Aggie,Ball,aballdo@51.la
494,Libby,Meade,lmeadedp@mapquest.com
495,Jaclin,Preist,jpreistdq@nyu.edu
496,Eadie,Abbets,eabbetsdr@cargocollective.com
497,Heida,Morten,hmortends@cafepress.com
498,Tobie,Gheorghie,tgheorghiedt@barnesandnoble.com
499,Caterina,Karslake,ckarslakedu@taobao.com
500,Morrie,McTear,mmcteardv@sfgate.com
501,Katee,Dalziel,kdalzieldw@zdnet.com
502,Celestyna,Reape,creapedx@blogtalkradio.com
503,Mercie,Dusey,mduseydy@imageshack.us
504,Tisha,Petican,tpeticandz@linkedin.com
505,Sebastiano,MacFadzan,smacfadzane0@harvard.edu
506,Cordula,Stear,csteare1@zimbio.com
507,Gwynne,Catt,gcatte2@senate.gov
508,Twila,Hartas,thartase3@icq.com
509,Benoit,Ewart,bewarte4@nhs.uk
510,Noellyn,Bowmaker,nbowmakere5@cdc.gov
511,Gilda,Corrigan,gcorrigane6@a8.net
512,Shaughn,Wrotchford,swrotchforde7@printfriendly.com
513,Sonni,Herion,sherione8@cornell.edu
514,April,Scurrey,ascurreye9@addthis.com
515,Lily,Dormon,ldormonea@goodreads.com
516,Sheela,Meanwell,smeanwelleb@wufoo.com
517,Neysa,Maher,nmaherec@amazon.co.jp
518,Bartlett,Muge,bmugeed@fotki.com
519,Candida,Feeny,cfeenyee@dot.gov
520,Bartlet,Tanzig,btanzigef@si.edu
521,Dode,Shieldon,dshieldoneg@timesonline.co.uk
522,Corrianne,Chater,cchatereh@oracle.com
523,Tootsie,Lorens,tlorensei@odnoklassniki.ru
524,Thorndike,Stitle,tstitleej@google.fr
525,Jon,Prevost,jprevostek@ca.gov
526,Jojo,Dragon,jdragonel@omniture.com
527,Sallie,Marston,smarstonem@youtube.com
528,Ernesta,Josofovitz,ejosofovitzen@hhs.gov
529,Valma,O'Corren,vocorreneo@example.com
530,Kearney,Bettles,kbettlesep@mtv.com
531,Bird,Rewan,brewaneq@vk.com
532,Bernhard,Garie,bgarieer@surveymonkey.com
533,Berke,MacNockater,bmacnockateres@mashable.com
534,Kale,Cressar,kcressaret@about.com
535,Lexine,Farron,lfarroneu@nsw.gov.au
536,Euell,Dunwoody,edunwoodyev@nasa.gov
537,Fredra,Goter,fgoterew@springer.com
538,Kassi,Severn,ksevernex@de.vu
539,Ilene,Jakubovsky,ijakubovskyey@fastcompany.com
540,Leona,Spreag,lspreagez@nifty.com
541,Rance,March,rmarchf0@google.com
542,Hirsch,Malecky,hmaleckyf1@mapquest.com
543,Cleve,Carpenter,ccarpenterf2@ed.gov
544,Frazier,Mapledoore,fmapledooref3@canalblog.com
545,Hayyim,Tinham,htinhamf4@dell.com
546,Dorelia,Leinster,dleinsterf5@posterous.com
547,Jaclin,Bestman,jbestmanf6@washington.edu
548,Jennette,Maytum,jmaytumf7@usnews.com
549,Horace,Greeveson,hgreevesonf8@omniture.com
550,Daveen,Vincent,dvincentf9@bluehost.com
551,Margaret,Coveley,mcoveleyfa@ifeng.com
552,Marja,Ayto,maytofb@alibaba.com
553,Rosmunda,Medina,rmedinafc@nifty.com
554,Lyndsie,Meadows,lmeadowsfd@skype.com
555,Aurel,Janusz,ajanuszfe@posterous.com
556,Bartel,Dudding,bduddingff@i2i.jp
557,Luther,Dennistoun,ldennistounfg@globo.com
558,Waiter,Martensen,wmartensenfh@sitemeter.com
559,Mavra,Youles,myoulesfi@github.io
560,Matelda,Braker,mbrakerfj@t-online.de
561,Terrie,Scotter,tscotterfk@skyrock.com
562,Sargent,Varley,svarleyfl@simplemachines.org
563,Rosmunda,Klesel,rkleselfm@kickstarter.com
564,Page,Aslie,pasliefn@w3.org
565,Dorian,Haslin,dhaslinfo@ihg.com
566,Essie,Kohnemann,ekohnemannfp@java.com
567,Illa,Lyal,ilyalfq@hatena.ne.jp
568,Chrissie,Pauletto,cpaulettofr@sun.com
569,Bridgette,Carrick,bcarrickfs@cloudflare.com
570,Christoph,Braysher,cbraysherft@sphinn.com
571,Ailsun,Horrod,ahorrodfu@jimdo.com
572,Frank,Jacobsohn,fjacobsohnfv@purevolume.com
573,Cele,MacGlory,cmacgloryfw@simplemachines.org
574,Laurie,Pounds,lpoundsfx@dell.com
575,Ulick,Thow,uthowfy@feedburner.com
576,Viola,Tuminelli,vtuminellifz@plala.or.jp
577,Leonanie,Ortler,lortlerg0@berkeley.edu
578,Clarine,Abramchik,cabramchikg1@yandex.ru
579,Petra,Dani,pdanig2@nature.com
580,Jimmie,Canfield,jcanfieldg3@reverbnation.com
581,Elton,Seddon,eseddong4@example.com
582,Ag,Denham,adenhamg5@amazon.com
583,Genevra,Assard,gassardg6@typepad.com
584,Hunfredo,Queste,hquesteg7@latimes.com
585,Abeu,Riba,aribag8@cargocollective.com
586,Marylee,Broadwell,mbroadwellg9@digg.com
587,Teodoro,Allone,tallonega@ocn.ne.jp
588,Jami,Jobke,jjobkegb@columbia.edu
589,Neddy,Snelling,nsnellinggc@usnews.com
590,Wally,Lawrenz,wlawrenzgd@theglobeandmail.com
591,Allys,Ivantyev,aivantyevge@posterous.com
592,Gaston,Limmer,glimmergf@360.cn
593,Lou,Kittow,lkittowgg@spotify.com
594,Gayle,Gambell,ggambellgh@addtoany.com
595,Julia,Yerill,jyerillgi@xing.com
596,Herby,Jerrom,hjerromgj@umich.edu
597,Silvain,Hause,shausegk@si.edu
598,Tore,Alldis,talldisgl@reuters.com
599,Janine,Blakes,jblakesgm@springer.com
600,Rubina,Eversley,reversleygn@google.com.br
601,Giavani,Mayler,gmaylergo@eepurl.com
602,Tremaine,Feild,tfeildgp@wsj.com
603,Wilmar,Dello,wdellogq@t-online.de
604,Leoine,Johananov,ljohananovgr@whitehouse.gov
605,Birch,Allport,ballportgs@google.ca
606,Seline,Brokenshaw,sbrokenshawgt@nymag.com
607,Roby,Reeders,rreedersgu@macromedia.com
608,Wes,Skurray,wskurraygv@aol.com
609,Ashia,Burrows,aburrowsgw@oracle.com
610,Nata,Creddon,ncreddongx@weebly.com
611,Che,Lammiman,clammimangy@imageshack.us
612,Oby,Lernihan,olernihangz@sbwire.com
613,Nickolaus,Faull,nfaullh0@unesco.org
614,Klarrisa,Clackers,kclackersh1@cnn.com
615,Ardis,Spears,aspearsh2@hhs.gov
616,Ashlin,Tingly,atinglyh3@storify.com
617,Teresa,Mation,tmationh4@storify.com
618,Brnaby,Lantiffe,blantiffeh5@behance.net
619,Brocky,Gerrey,bgerreyh6@issuu.com
620,Kane,Surgeoner,ksurgeonerh7@fastcompany.com
621,Donica,Staniford,dstanifordh8@gravatar.com
622,Tarrance,Vawton,tvawtonh9@nih.gov
623,Valerye,Jerrolt,vjerroltha@nytimes.com
624,Aaron,Matityahu,amatityahuhb@naver.com
625,Kriste,Whelpdale,kwhelpdalehc@domainmarket.com
626,Antonino,Kloser,akloserhd@nba.com
627,Ursola,Craigheid,ucraigheidhe@slideshare.net
628,Dael,Marzele,dmarzelehf@chronoengine.com
629,Else,Ivannikov,eivannikovhg@columbia.edu
630,Brien,Rochewell,brochewellhh@sourceforge.net
631,Lowe,Bere,lberehi@npr.org
632,Gilligan,Dashwood,gdashwoodhj@deviantart.com
633,Heath,Lesurf,hlesurfhk@blogspot.com
634,Alanah,Gove,agovehl@opera.com
635,Delcine,Toulamain,dtoulamainhm@engadget.com
636,Brietta,Lashmar,blashmarhn@auda.org.au
637,Ingaborg,Losemann,ilosemannho@angelfire.com
638,Mary,Arber,marberhp@nytimes.com
639,Robin,Cucinotta,rcucinottahq@pen.io
640,Sile,Levin,slevinhr@webs.com
641,Dolli,Tarply,dtarplyhs@amazon.de
642,Irina,Kingaby,ikingabyht@prweb.com
643,Perrine,Lisciardelli,plisciardellihu@live.com
644,Isidora,Wheldon,iwheldonhv@bbc.co.uk
645,Sibyl,Prewer,sprewerhw@facebook.com
646,Cody,Gorton,cgortonhx@boston.com
647,Belia,Hatterslay,bhatterslayhy@theglobeandmail.com
648,Mychal,Ballham,mballhamhz@booking.com
649,Lucho,Rizzolo,lrizzoloi0@vinaora.com
650,Cesare,Lovitt,clovitti1@tamu.edu
651,Jerrine,Quincee,jquinceei2@statcounter.com
652,Gilbertine,Ivanin,givanini3@list-manage.com
653,Devonna,Cardoso,dcardosoi4@nymag.com
654,Rayshell,Gatherer,rgathereri5@harvard.edu
655,Talia,Gerdes,tgerdesi6@paypal.com
656,Jorie,Jump,jjumpi7@dion.ne.jp
657,Niven,Landal,nlandali8@artisteer.com
658,Murdock,Crippin,mcrippini9@google.co.uk
659,Dulciana,Lowfill,dlowfillia@devhub.com
660,Lucy,Canet,lcanetib@nature.com
661,Leonerd,Bowkett,lbowkettic@cocolog-nifty.com
662,Vail,MacCaull,vmaccaullid@wikia.com
663,Teodoor,Moreing,tmoreingie@addtoany.com
664,Patrizius,Brodest,pbrodestif@google.pl
665,Sybilla,Toffolo,stoffoloig@cisco.com
666,Teodora,McIlharga,tmcilhargaih@mit.edu
667,Jesse,Boate,jboateii@google.it
668,Mallissa,Seggie,mseggieij@lulu.com
669,Nita,Jarritt,njarrittik@ebay.co.uk
670,Anni,Jobes,ajobesil@163.com
671,Cherlyn,Tampion,ctampionim@amazon.co.uk
672,Emmott,Burnet,eburnetin@nyu.edu
673,Harriette,Kighly,hkighlyio@weibo.com
674,Webb,Ertel,wertelip@cmu.edu
675,Randi,Vernau,rvernauiq@gizmodo.com
676,Belva,Hagston,bhagstonir@bing.com
677,Basil,Dacey,bdaceyis@chicagotribune.com
678,Val,Razoux,vrazouxit@house.gov
679,Juliet,Cowhig,jcowhigiu@google.com.au
680,Reagan,L'Hommee,rlhommeeiv@nhs.uk
681,Johanna,Tomowicz,jtomowicziw@myspace.com
682,Nell,Gamlin,ngamlinix@clickbank.net
683,Heindrick,Heams,hheamsiy@narod.ru
684,Amberly,Topling,atoplingiz@behance.net
685,Arley,Menure,amenurej0@discuz.net
686,Rhetta,Frid,rfridj1@noaa.gov
687,Vivie,Lattimer,vlattimerj2@foxnews.com
688,Candide,Jakucewicz,cjakucewiczj3@engadget.com
689,Arel,Guthrum,aguthrumj4@domainmarket.com
690,Neville,Gallimore,ngallimorej5@vimeo.com
691,Pamella,Jouning,pjouningj6@sogou.com
692,Valentino,Shutt,vshuttj7@i2i.jp
693,Cammy,Wolland,cwollandj8@nytimes.com
694,Lou,Yanshin,lyanshinj9@purevolume.com
695,Doralin,Dods,ddodsja@istockphoto.com
696,Hammad,Gain,hgainjb@engadget.com
697,Skell,Towersey,stowerseyjc@friendfeed.com
698,Jaclin,Jeffree,jjeffreejd@g.co
699,Mala,Raylton,mrayltonje@house.gov
700,Quentin,Andrivot,qandrivotjf@xrea.com
701,Page,Riccioppo,priccioppojg@jugem.jp
702,Hermie,Goodboddy,hgoodboddyjh@4shared.com
703,Blaine,Jersch,bjerschji@phoca.cz
704,Llywellyn,Oger,logerjj@archive.org
705,Bax,Leathley,bleathleyjk@cafepress.com
706,Gay,Jakubowski,gjakubowskijl@rambler.ru
707,Talya,Weinham,tweinhamjm@cafepress.com
708,Alastair,Petegrew,apetegrewjn@reuters.com
709,Nikolaus,Pedden,npeddenjo@dot.gov
710,Danika,Flann,dflannjp@opera.com
711,Ivonne,Blundell,iblundelljq@quantcast.com
712,Rosmunda,Joncic,rjoncicjr@home.pl
713,Geno,Bwy,gbwyjs@jimdo.com
714,Garwin,McKibbin,gmckibbinjt@google.de
715,Silvan,McAlpin,smcalpinju@usgs.gov
716,Sherrie,Hedderly,shedderlyjv@mlb.com
717,Gratia,Brislane,gbrislanejw@pinterest.com
718,Fanya,Redsull,fredsulljx@chicagotribune.com
719,Melinda,Guinn,mguinnjy@home.pl
720,Omero,Harry,oharryjz@dropbox.com
721,Weston,Luetchford,wluetchfordk0@mozilla.org
722,Archaimbaud,Donaghie,adonaghiek1@rediff.com
723,Coleman,Mauser,cmauserk2@surveymonkey.com
724,Bronnie,Harrower,bharrowerk3@addthis.com
725,Heywood,Morteo,hmorteok4@studiopress.com
726,Kylen,Simonnot,ksimonnotk5@wsj.com
727,Sheila-kathryn,Slark,sslarkk6@imageshack.us
728,Flemming,Delort,fdelortk7@howstuffworks.com
729,Torrie,Copnall,tcopnallk8@geocities.com
730,Jaquenetta,Kubasek,jkubasekk9@slideshare.net
731,Lucian,Ashby,lashbyka@feedburner.com
732,Chaunce,Gaenor,cgaenorkb@telegraph.co.uk
733,Vachel,Fernan,vfernankc@cbslocal.com
734,Malinde,Torry,mtorrykd@umich.edu
735,Bertha,Iacabucci,biacabuccike@phoca.cz
736,Natty,Lidgertwood,nlidgertwoodkf@xing.com
737,Roxy,Brambill,rbrambillkg@linkedin.com
738,Sophia,Trangmar,strangmarkh@feedburner.com
739,Ryan,Aylmer,raylmerki@tamu.edu
740,Fernandina,Robardet,frobardetkj@oaic.gov.au
741,Auguste,McKmurrie,amckmurriekk@si.edu
742,Basilius,Astie,bastiekl@blinklist.com
743,Christyna,Rahlof,crahlofkm@archive.org
744,Dina,Pehrsson,dpehrssonkn@phoca.cz
745,Barr,Probert,bprobertko@squidoo.com
746,Sid,Luck,sluckkp@dell.com
747,Aigneis,Battey,abatteykq@mozilla.org
748,Fabe,Imorts,fimortskr@alexa.com
749,Janey,Hiom,jhiomks@bluehost.com
750,Halsey,Pether,hpetherkt@sphinn.com
751,Meir,Faughey,mfaugheyku@shop-pro.jp
752,Amanda,Lutty,aluttykv@newsvine.com
753,Gabi,Castagneri,gcastagnerikw@jugem.jp
754,Gordie,Kiendl,gkiendlkx@hp.com
755,Mercedes,Pardie,mpardieky@domainmarket.com
756,Chrotoem,Dronsfield,cdronsfieldkz@list-manage.com
757,Flo,Amber,famberl0@cnn.com
758,Lorita,Reubel,lreubell1@prlog.org
759,Byrle,Fumagallo,bfumagallol2@epa.gov
760,Freddy,Stobbie,fstobbiel3@constantcontact.com
761,Jacquenetta,Lapley,jlapleyl4@sciencedaily.com
762,Sandor,Pringour,springourl5@is.gd
763,Elisha,Vasilevich,evasilevichl6@github.com
764,Towny,McGeorge,tmcgeorgel7@google.co.uk
765,Rolfe,Cubin,rcubinl8@php.net
766,Elisabet,Buggs,ebuggsl9@mashable.com
767,Shannen,Kleyn,skleynla@mlb.com
768,Abram,Vamplers,avamplerslb@timesonline.co.uk
769,Wilden,Vasser,wvasserlc@princeton.edu
770,Nancey,MacQueen,nmacqueenld@twitter.com
771,Ryann,Garrettson,rgarrettsonle@java.com
772,Jenica,Skarin,jskarinlf@china.com.cn
773,Andy,Isbell,aisbelllg@storify.com
774,Addi,Southerill,asoutherilllh@cloudflare.com
775,Thorstein,Whiteley,twhiteleyli@goo.ne.jp
776,Gloriana,Morales,gmoraleslj@surveymonkey.com
777,Everard,McNeilley,emcneilleylk@people.com.cn
778,Coralie,Bauchop,cbauchopll@fda.gov
779,Koren,Cowderoy,kcowderoylm@admin.ch
780,Taber,Scarlon,tscarlonln@comsenz.com
781,Carie,Deener,cdeenerlo@huffingtonpost.com
782,Gustaf,Rivenzon,grivenzonlp@goodreads.com
783,Rurik,Rodenborch,rrodenborchlq@twitter.com
784,Christoforo,Hassewell,chassewelllr@yellowbook.com
785,Berkly,Rosario,brosariols@youtu.be
786,Ingelbert,Squires,isquireslt@time.com
787,Flinn,Borel,fborellu@nydailynews.com
788,Vera,Covendon,vcovendonlv@dailymotion.com
789,Kayley,Heritege,kheritegelw@stumbleupon.com
790,Cristiano,Maccrea,cmaccrealx@gmpg.org
791,Tobin,Laban,tlabanly@cargocollective.com
792,Angelo,Bance,abancelz@nba.com
793,Ora,Nottle,onottlem0@geocities.jp
794,Cary,Fisby,cfisbym1@google.co.uk
795,Ivette,Moynham,imoynhamm2@hubpages.com
796,Hyatt,McWilliam,hmcwilliamm3@ezinearticles.com
797,Wallie,Trippick,wtrippickm4@trellian.com
798,Ulrick,Macguire,umacguirem5@intel.com
799,Yoshiko,Howling,yhowlingm6@ask.com
800,Kerrin,Balderston,kbalderstonm7@hubpages.com
801,Sauveur,Warcop,swarcopm8@netscape.com
802,Elvin,Shurmore,eshurmorem9@samsung.com
803,Eran,Labbati,elabbatima@sohu.com
804,Gabbey,Pail,gpailmb@usda.gov
805,Jeri,Gilberthorpe,jgilberthorpemc@sfgate.com
806,Rollo,De Bell,rdebellmd@wikispaces.com
807,Ronni,Rosier,rrosierme@paypal.com
808,Susie,Prazor,sprazormf@gravatar.com
809,Lance,Kittles,lkittlesmg@newsvine.com
810,Willy,Kilmary,wkilmarymh@furl.net
811,Wat,Habbeshaw,whabbeshawmi@moonfruit.com
812,Amity,Peyntue,apeyntuemj@opensource.org
813,Matty,Gammidge,mgammidgemk@geocities.com
814,Xenia,Pylkynyton,xpylkynytonml@ow.ly
815,Fraze,Rafter,fraftermm@fastcompany.com
816,Etheline,Cronkshaw,ecronkshawmn@accuweather.com
817,Dulcea,Ramsier,dramsiermo@booking.com
818,Maribelle,Lesurf,mlesurfmp@latimes.com
819,Yoko,Favelle,yfavellemq@timesonline.co.uk
820,Eleanor,Blackster,eblackstermr@over-blog.com
821,Rex,Taveriner,rtaverinerms@seesaa.net
822,Ruthe,Vanns,rvannsmt@icq.com
823,Livia,Spores,lsporesmu@europa.eu
824,Elysia,Bahl,ebahlmv@sakura.ne.jp
825,Shermie,Lickorish,slickorishmw@reference.com
826,Deni,Ferreres,dferreresmx@360.cn
827,Matthew,Glassborow,mglassborowmy@hatena.ne.jp
828,Franz,Rosenberg,frosenbergmz@upenn.edu
829,Audry,Nellen,anellenn0@paypal.com
830,Silas,Leyland,sleylandn1@163.com
831,Blondy,Kenworthey,bkenwortheyn2@nba.com
832,Quinlan,Banishevitz,qbanishevitzn3@comcast.net
833,Tanhya,Perford,tperfordn4@cafepress.com
834,Minette,Giacomazzo,mgiacomazzon5@yolasite.com
835,Dorey,Fuggle,dfugglen6@wikia.com
836,Archibald,Kearn,akearnn7@gov.uk
837,Eyde,Gerrelt,egerreltn8@zimbio.com
838,Bond,Rickwood,brickwoodn9@tiny.cc
839,Davie,Gradwell,dgradwellna@guardian.co.uk
840,Eadmund,Brenneke,ebrennekenb@angelfire.com
841,Bjorn,Musla,bmuslanc@virginia.edu
842,Odille,McElwee,omcelweend@imdb.com
843,Nell,Ranner,nrannerne@nyu.edu
844,Caron,Knell,cknellnf@ucla.edu
845,Cosette,Grzelewski,cgrzelewsking@aboutads.info
846,Ailis,Heiner,aheinernh@taobao.com
847,Ronda,Dorr,rdorrni@opera.com
848,Augustine,Grundey,agrundeynj@flickr.com
849,Elaine,Forestel,eforestelnk@eventbrite.com
850,Theo,Domenge,tdomengenl@sbwire.com
851,Maude,Paskell,mpaskellnm@nps.gov
852,Dwight,Blaxter,dblaxternn@google.ca
853,Cesya,Hawe,chaweno@prlog.org
854,Carolann,Bartrop,cbartropnp@desdev.cn
855,Mercedes,McKeevers,mmckeeversnq@360.cn
856,Jerrie,Ivey,jiveynr@eventbrite.com
857,Jen,Thirkettle,jthirkettlens@yandex.ru
858,Meagan,Rubinchik,mrubinchiknt@businessweek.com
859,Arda,Chastey,achasteynu@deviantart.com
860,Jeanine,Dow,jdownv@icio.us
861,Kary,Marchello,kmarchellonw@wp.com
862,Hendrick,MacCaffrey,hmaccaffreynx@cloudflare.com
863,Batsheva,Broxton,bbroxtonny@nyu.edu
864,Aurelea,Sterling,asterlingnz@census.gov
865,Hamilton,Eastmead,heastmeado0@paypal.com
866,Paulie,Frampton,pframptono1@360.cn
867,Garwin,Bode,gbodeo2@reference.com
868,Gib,Simonite,gsimoniteo3@miibeian.gov.cn
869,Reilly,Cayley,rcayleyo4@nhs.uk
870,Vernen,Camoys,vcamoyso5@craigslist.org
871,Sallee,Snook,ssnooko6@hao123.com
872,Clementine,Tabart,ctabarto7@merriam-webster.com
873,Lanny,Yerrill,lyerrillo8@shop-pro.jp
874,Dan,Seamer,dseamero9@over-blog.com
875,Haskell,Flageul,hflageuloa@dagondesign.com
876,Melvin,Vidgen,mvidgenob@tamu.edu
877,Anneliese,Tedstone,atedstoneoc@cyberchimps.com
878,Greta,Cluet,gcluetod@e-recht24.de
879,Gwynne,Tout,gtoutoe@quantcast.com
880,Jaime,Kundert,jkundertof@newsvine.com
881,Udale,Vel,uvelog@networksolutions.com
882,Babbette,Melburg,bmelburgoh@sakura.ne.jp
883,Wheeler,Devany,wdevanyoi@tamu.edu
884,Kaja,Hindmoor,khindmooroj@arizona.edu
885,Bianka,Huison,bhuisonok@gmpg.org
886,Rosaline,Crowch,rcrowchol@tuttocitta.it
887,Lynnett,Duthy,lduthyom@walmart.com
888,Kissie,De Pero,kdeperoon@google.nl
889,Allys,Truckell,atruckelloo@flickr.com
890,Ignacio,Agastina,iagastinaop@sciencedaily.com
891,Charlene,Warin,cwarinoq@sourceforge.net
892,Trueman,Caps,tcapsor@thetimes.co.uk
893,Mitch,Barsby,mbarsbyos@123-reg.co.uk
894,Molli,Dawson,mdawsonot@so-net.ne.jp
895,Imogene,Banbrook,ibanbrookou@opera.com
896,Andrea,Gerriets,agerrietsov@google.com.br
897,Demetria,Frayling,dfraylingow@multiply.com
898,Jocelyn,Wimbridge,jwimbridgeox@latimes.com
899,Joanna,Dungay,jdungayoy@trellian.com
900,Alisun,Warden,awardenoz@hibu.com
901,Kimball,Walshaw,kwalshawp0@mashable.com
902,Mirilla,Lardez,mlardezp1@weibo.com
903,Anatollo,Mariyushkin,amariyushkinp2@alibaba.com
904,Francklin,Willshere,fwillsherep3@blog.com
905,Langsdon,Kleinhaus,lkleinhausp4@i2i.jp
906,Nertie,Strike,nstrikep5@biblegateway.com
907,Wandis,Orcas,worcasp6@uol.com.br
908,Devlen,Reedy,dreedyp7@edublogs.org
909,Anna-diana,Patinkin,apatinkinp8@freewebs.com
910,Elvina,Wohler,ewohlerp9@shop-pro.jp
911,Norby,Pauleau,npauleaupa@prnewswire.com
912,Carlee,Hamblyn,chamblynpb@reverbnation.com
913,Colas,Sutherland,csutherlandpc@paginegialle.it
914,Marlon,Conduit,mconduitpd@opera.com
915,Nellie,Opfer,nopferpe@blogspot.com
916,Christel,Dunsire,cdunsirepf@google.de
917,Gherardo,Tremblett,gtremblettpg@cdbaby.com
918,Huberto,Crouch,hcrouchph@arstechnica.com
919,Anallise,Sarll,asarllpi@ucla.edu
920,Dorie,Crampin,dcrampinpj@smh.com.au
921,Catrina,Jeste,cjestepk@weebly.com
922,Hillard,Spurritt,hspurrittpl@baidu.com
923,Caressa,De Blasiis,cdeblasiispm@bloomberg.com
924,Jedd,Hocking,jhockingpn@tripod.com
925,Corny,Gley,cgleypo@wunderground.com
926,Darlene,Tickner,dticknerpp@is.gd
927,Minette,Owers,mowerspq@illinois.edu
928,Gare,Over,goverpr@feedburner.com
929,Timmi,Kabos,tkabosps@marketwatch.com
930,Sile,Gradon,sgradonpt@networkadvertising.org
931,Ondrea,Petters,opetterspu@prlog.org
932,Karee,Gillie,kgilliepv@washington.edu
933,Marguerite,Carrabott,mcarrabottpw@instagram.com
934,Merrie,Dodamead,mdodameadpx@dailymotion.com
935,Ilaire,Wigelsworth,iwigelsworthpy@wsj.com
936,Ardisj,Vasin,avasinpz@ibm.com
937,Carma,Yellowlees,cyellowleesq0@delicious.com
938,Timothea,Royden,troydenq1@purevolume.com
939,Ikey,Semaine,isemaineq2@ox.ac.uk
940,Lucias,Smissen,lsmissenq3@samsung.com
941,Jackie,Andrejs,jandrejsq4@dailymail.co.uk
942,Cece,Mussotti,cmussottiq5@wp.com
943,Jason,Jancey,jjanceyq6@about.com
944,Lev,Eard,leardq7@google.nl
945,Stavro,Eamer,seamerq8@paypal.com
946,Abra,Willwood,awillwoodq9@shareasale.com
947,Berkly,Colbeck,bcolbeckqa@tinypic.com
948,Kennie,Sidry,ksidryqb@cam.ac.uk
949,Cammie,Murgatroyd,cmurgatroydqc@rakuten.co.jp
950,Nonie,Boddy,nboddyqd@constantcontact.com
951,Isabelita,Spottswood,ispottswoodqe@dyndns.org
952,Reiko,Hailes,rhailesqf@cnn.com
953,Robinet,Gudgeon,rgudgeonqg@buzzfeed.com
954,Kessiah,Adin,kadinqh@pbs.org
955,Ezequiel,Haythorn,ehaythornqi@washingtonpost.com
956,Nathanial,Beaman,nbeamanqj@yelp.com
957,Sheryl,Tidmas,stidmasqk@yahoo.co.jp
958,Levon,Moore,lmooreql@nydailynews.com
959,Judie,Matteris,jmatterisqm@ucla.edu
960,Andre,Peert,apeertqn@imdb.com
961,Griselda,Carbery,gcarberyqo@blogs.com
962,Carlin,Lowseley,clowseleyqp@posterous.com
963,Anthia,Piris,apirisqq@baidu.com
964,Demetris,Collip,dcollipqr@networksolutions.com
965,Dew,Saiz,dsaizqs@infoseek.co.jp
966,Barbie,Kobu,bkobuqt@yelp.com
967,Gery,Biers,gbiersqu@apple.com
968,Jammie,Swatten,jswattenqv@unicef.org
969,Yuma,Brosi,ybrosiqw@virginia.edu
970,Humphrey,Yglesias,hyglesiasqx@slashdot.org
971,Theo,Bruhnicke,tbruhnickeqy@globo.com
972,Waly,Furnival,wfurnivalqz@biglobe.ne.jp
973,Barrie,Krollmann,bkrollmannr0@ucoz.com
974,Rab,Francesch,rfranceschr1@java.com
975,Terri,Forst,tforstr2@seesaa.net
976,Arvin,Thunderman,athundermanr3@xing.com
977,Erna,Rockey,erockeyr4@hostgator.com
978,Marlo,Torrans,mtorransr5@blogspot.com
979,Gustaf,Pyser,gpyserr6@naver.com
980,Brier,Disman,bdismanr7@mapy.cz
981,Daniele,Rugge,drugger8@homestead.com
982,Tabbie,Tithecote,ttithecoter9@about.com
983,Pierrette,Sives,psivesra@spiegel.de
984,Reeba,Caudle,rcaudlerb@shareasale.com
985,Jean,Bolding,jboldingrc@narod.ru
986,Florentia,Tyne,ftynerd@squidoo.com
987,Irena,Hechlin,ihechlinre@mac.com
988,Wilmer,Lamps,wlampsrf@marriott.com
989,Odie,Mortel,omortelrg@mozilla.com
990,Antonina,Pember,apemberrh@hhs.gov
991,Lauretta,Windeatt,lwindeattri@europa.eu
992,Reynold,Sims,rsimsrj@vinaora.com
993,Ardis,Philips,aphilipsrk@godaddy.com
994,June,Le Marchant,jlemarchantrl@chron.com
995,Virgina,Larenson,vlarensonrm@google.co.jp
996,Thedrick,Checo,tchecorn@opensource.org
997,Chiquita,Meritt,cmerittro@unc.edu
998,Nonah,Kondratovich,nkondratovichrp@cnbc.com
999,Jabez,Virgoe,jvirgoerq@woothemes.com
1000,Lishe,Ashe,lasherr@jalbum.net
